timestamp,source,headline
2026-05-12 08:00:00,Al Jazeera,Global leaders discuss climate policies
2026-05-12 08:01:00,Fox News,Technology firms announce major investments
2026-05-12 08:02:00,The Guardian,Scientists develop advanced AI systems
2026-05-12 08:03:00,NBC News,International tourism increases this summer
2026-05-12 08:04:00,Bloomberg,Stock market reaches record highs
2026-05-12 08:05:00,Reuters,Healthcare innovations improve patient care
2026-05-12 08:06:00,BBC,Electric vehicle sales continue growing
2026-05-12 08:07:00,CNN,Universities expand online learning platforms
2026-05-12 08:08:00,Al Jazeera,Space mission successfully launches satellite
2026-05-12 08:09:00,Fox News,Oil prices fluctuate amid global demand
2026-05-12 08:10:00,The Guardian,Artificial intelligence supports agriculture industry
2026-05-12 08:11:00,NBC News,Major football league announces new season
2026-05-12 08:12:00,Bloomberg,Cybersecurity experts warn about data breaches
2026-05-12 08:13:00,Reuters,Researchers discover renewable battery technology
2026-05-12 08:14:00,BBC,Banks adopt blockchain payment systems
2026-05-12 08:15:00,CNN,Medical researchers test cancer treatments
2026-05-12 08:16:00,Al Jazeera,Smartphone companies release new devices
2026-05-12 08:17:00,Fox News,AI startups attract global investors
2026-05-12 08:18:00,The Guardian,Weather agencies predict heavy rainfall
2026-05-12 08:19:00,NBC News,International trade agreements expand markets
2026-05-12 08:20:00,Bloomberg,Education reforms improve digital classrooms
2026-05-12 08:21:00,Reuters,Scientists explore new space technologies
2026-05-12 08:22:00,BBC,Robotics industry boosts factory automation
2026-05-12 08:23:00,CNN,Global sports events attract millions
2026-05-12 08:24:00,Al Jazeera,Financial experts discuss economic recovery
2026-05-12 08:25:00,Fox News,Clean energy projects expand worldwide
2026-05-12 08:26:00,The Guardian,Artificial intelligence improves transportation systems
2026-05-12 08:27:00,NBC News,Environmental organizations launch awareness campaigns
2026-05-12 08:28:00,Bloomberg,Online businesses report rising profits
2026-05-12 08:29:00,Reuters,Global manufacturing output increases steadily
2026-05-12 08:30:00,BBC,Global leaders discuss climate policies
2026-05-12 08:31:00,CNN,Technology firms announce major investments
2026-05-12 08:32:00,Al Jazeera,Scientists develop advanced AI systems
2026-05-12 08:33:00,Fox News,International tourism increases this summer
2026-05-12 08:34:00,The Guardian,Stock market reaches record highs
2026-05-12 08:35:00,NBC News,Healthcare innovations improve patient care
2026-05-12 08:36:00,Bloomberg,Electric vehicle sales continue growing
2026-05-12 08:37:00,Reuters,Universities expand online learning platforms
2026-05-12 08:38:00,BBC,Space mission successfully launches satellite
2026-05-12 08:39:00,CNN,Oil prices fluctuate amid global demand
2026-05-12 08:40:00,Al Jazeera,Artificial intelligence supports agriculture industry
2026-05-12 08:41:00,Fox News,Major football league announces new season
2026-05-12 08:42:00,The Guardian,Cybersecurity experts warn about data breaches
2026-05-12 08:43:00,NBC News,Researchers discover renewable battery technology
2026-05-12 08:44:00,Bloomberg,Banks adopt blockchain payment systems
2026-05-12 08:45:00,Reuters,Medical researchers test cancer treatments
2026-05-12 08:46:00,BBC,Smartphone companies release new devices
2026-05-12 08:47:00,CNN,AI startups attract global investors
2026-05-12 08:48:00,Al Jazeera,Weather agencies predict heavy rainfall
2026-05-12 08:49:00,Fox News,International trade agreements expand markets
2026-05-12 08:50:00,The Guardian,Education reforms improve digital classrooms
2026-05-12 08:51:00,NBC News,Scientists explore new space technologies
2026-05-12 08:52:00,Bloomberg,Robotics industry boosts factory automation
2026-05-12 08:53:00,Reuters,Global sports events attract millions
2026-05-12 08:54:00,BBC,Financial experts discuss economic recovery
2026-05-12 08:55:00,CNN,Clean energy projects expand worldwide
2026-05-12 08:56:00,Al Jazeera,Artificial intelligence improves transportation systems
2026-05-12 08:57:00,Fox News,Environmental organizations launch awareness campaigns
2026-05-12 08:58:00,The Guardian,Online businesses report rising profits
2026-05-12 08:59:00,NBC News,Global manufacturing output increases steadily
2026-05-12 09:00:00,Bloomberg,Global leaders discuss climate policies
2026-05-12 09:01:00,Reuters,Technology firms announce major investments
2026-05-12 09:02:00,BBC,Scientists develop advanced AI systems
2026-05-12 09:03:00,CNN,International tourism increases this summer
2026-05-12 09:04:00,Al Jazeera,Stock market reaches record highs
2026-05-12 09:05:00,Fox News,Healthcare innovations improve patient care
2026-05-12 09:06:00,The Guardian,Electric vehicle sales continue growing
2026-05-12 09:07:00,NBC News,Universities expand online learning platforms
2026-05-12 09:08:00,Bloomberg,Space mission successfully launches satellite
2026-05-12 09:09:00,Reuters,Oil prices fluctuate amid global demand
2026-05-12 09:10:00,BBC,Artificial intelligence supports agriculture industry
2026-05-12 09:11:00,CNN,Major football league announces new season
2026-05-12 09:12:00,Al Jazeera,Cybersecurity experts warn about data breaches
2026-05-12 09:13:00,Fox News,Researchers discover renewable battery technology
2026-05-12 09:14:00,The Guardian,Banks adopt blockchain payment systems
2026-05-12 09:15:00,NBC News,Medical researchers test cancer treatments
2026-05-12 09:16:00,Bloomberg,Smartphone companies release new devices
2026-05-12 09:17:00,Reuters,AI startups attract global investors
2026-05-12 09:18:00,BBC,Weather agencies predict heavy rainfall
2026-05-12 09:19:00,CNN,International trade agreements expand markets
2026-05-12 09:20:00,Al Jazeera,Education reforms improve digital classrooms
2026-05-12 09:21:00,Fox News,Scientists explore new space technologies
2026-05-12 09:22:00,The Guardian,Robotics industry boosts factory automation
2026-05-12 09:23:00,NBC News,Global sports events attract millions
2026-05-12 09:24:00,Bloomberg,Financial experts discuss economic recovery
2026-05-12 09:25:00,Reuters,Clean energy projects expand worldwide
2026-05-12 09:26:00,BBC,Artificial intelligence improves transportation systems
2026-05-12 09:27:00,CNN,Environmental organizations launch awareness campaigns
2026-05-12 09:28:00,Al Jazeera,Online businesses report rising profits
2026-05-12 09:29:00,Fox News,Global manufacturing output increases steadily
2026-05-12 09:30:00,The Guardian,Global leaders discuss climate policies
2026-05-12 09:31:00,NBC News,Technology firms announce major investments
2026-05-12 09:32:00,Bloomberg,Scientists develop advanced AI systems
2026-05-12 09:33:00,Reuters,International tourism increases this summer
2026-05-12 09:34:00,BBC,Stock market reaches record highs
2026-05-12 09:35:00,CNN,Healthcare innovations improve patient care
2026-05-12 09:36:00,Al Jazeera,Electric vehicle sales continue growing
2026-05-12 09:37:00,Fox News,Universities expand online learning platforms
2026-05-12 09:38:00,The Guardian,Space mission successfully launches satellite
2026-05-12 09:39:00,NBC News,Oil prices fluctuate amid global demand
